Name,Email,Email Providers,Company Name,Job Title,Number of employess,Priority Score
User_655,user_655@gmail.com,gmail,Company_4,Intern,150,0.37
User_251,user_251@outlook.com,outlook,Company_18,Intern,25,0.95
User_693,user_693@unknown.com,no_provider,Company_12,Founder,300,0.73
User_33,user_33@gmail.com,gmail,Company_12,CTO,75,0.6
User_518,user_518@unknown.com,no_provider,Company_4,Founder,75,0.16
User_734,user_734@unknown.com,no_provider,Company_54,CTO,300,0.16
User_604,user_604@yahoo.com,yahoo,Company_1,CTO,1200,0.06
User_433,user_433@yahoo.com,yahoo,Company_36,CTO,75,0.87
User_981,user_981@yahoo.com,yahoo,Company_14,CEO,300,0.6
User_100,user_100@yahoo.com,yahoo,Company_45,Founder,150,0.71
User_827,user_827@gmail.com,gmail,Company_94,Engineer,750,0.02
User_128,user_128@zoho.com,zoho,Company_11,Founder,150,0.97
User_850,user_850@unknown.com,no_provider,Company_47,Founder,75,0.83
User_722,user_722@gmail.com,gmail,Company_6,Intern,75,0.21
User_792,user_792@yahoo.com,yahoo,Company_11,CTO,25,0.18
User_390,user_390@yahoo.com,yahoo,Company_59,Intern,150,0.18
User_167,user_167@yahoo.com,yahoo,Company_46,CTO,1200,0.3
User_274,user_274@gmail.com,gmail,Company_78,Intern,75,0.52
User_547,user_547@outlook.com,outlook,Company_21,Engineer,300,0.43
User_277,user_277@unknown.com,no_provider,Company_29,Intern,150,0.29
User_864,user_864@gmail.com,gmail,Company_30,CEO,150,0.61
User_411,user_411@yahoo.com,yahoo,Company_9,CTO,750,0.14
User_898,user_898@yahoo.com,yahoo,Company_28,Intern,300,0.29
User_406,user_406@zoho.com,zoho,Company_19,Manager,75,0.37
User_253,user_253@unknown.com,no_provider,Company_69,Manager,1200,0.46
User_599,user_599@zoho.com,zoho,Company_75,Engineer,150,0.79
User_225,user_225@outlook.com,outlook,Company_66,Engineer,25,0.2
User_774,user_774@gmail.com,gmail,Company_15,CTO,1200,0.51
User_164,user_164@zoho.com,zoho,Company_77,CEO,300,0.59
User_391,user_391@unknown.com,no_provider,Company_60,Founder,150,0.05
User_995,user_995@unknown.com,no_provider,Company_2,Intern,1200,0.61
User_118,user_118@unknown.com,no_provider,Company_97,Manager,1200,0.17
User_349,user_349@gmail.com,gmail,Company_38,Engineer,75,0.07
User_465,user_465@gmail.com,gmail,Company_93,Intern,150,0.95
User_996,user_996@unknown.com,no_provider,Company_98,CTO,750,0.97
User_935,user_935@gmail.com,gmail,Company_81,Manager,1200,0.81
User_520,user_520@unknown.com,no_provider,Company_26,CTO,150,0.3
User_781,user_781@outlook.com,outlook,Company_70,Founder,25,0.1
User_614,user_614@yahoo.com,yahoo,Company_63,CEO,25,0.68
User_952,user_952@yahoo.com,yahoo,Company_40,CTO,25,0.44
User_247,user_247@unknown.com,no_provider,Company_11,CEO,1200,0.12
User_498,user_498@gmail.com,gmail,Company_98,Founder,75,0.5
User_132,user_132@zoho.com,zoho,Company_71,CTO,150,0.03
User_541,user_541@unknown.com,no_provider,Company_55,CTO,750,0.91
User_774,user_774@outlook.com,outlook,Company_92,Manager,300,0.26
User_688,user_688@yahoo.com,yahoo,Company_57,Founder,300,0.66
User_124,user_124@outlook.com,outlook,Company_29,CEO,150,0.31
User_22,user_22@unknown.com,no_provider,Company_71,CTO,750,0.52
User_226,user_226@gmail.com,gmail,Company_10,Intern,1200,0.55
User_61,user_61@outlook.com,outlook,Company_9,CEO,150,0.18
User_73,user_73@unknown.com,no_provider,Company_31,Manager,1200,0.97
User_498,user_498@outlook.com,outlook,Company_70,CTO,1200,0.78
User_958,user_958@unknown.com,no_provider,Company_74,Engineer,75,0.94
User_804,user_804@zoho.com,zoho,Company_53,CTO,25,0.89
User_100,user_100@zoho.com,zoho,Company_46,Engineer,300,0.6
User_479,user_479@gmail.com,gmail,Company_87,Intern,1200,0.92
User_101,user_101@gmail.com,gmail,Company_52,Intern,150,0.09
User_820,user_820@gmail.com,gmail,Company_32,CTO,75,0.2
User_550,user_550@zoho.com,zoho,Company_18,Engineer,75,0.05
User_286,user_286@zoho.com,zoho,Company_32,CEO,300,0.33
User_828,user_828@unknown.com,no_provider,Company_13,CEO,1200,0.39
User_554,user_554@gmail.com,gmail,Company_12,CTO,75,0.27
User_417,user_417@zoho.com,zoho,Company_62,CTO,300,0.83
User_925,user_925@gmail.com,gmail,Company_22,Engineer,25,0.36
User_400,user_400@yahoo.com,yahoo,Company_59,Manager,300,0.28
User_714,user_714@unknown.com,no_provider,Company_85,Intern,300,0.54
User_159,user_159@outlook.com,outlook,Company_38,CTO,25,0.14
User_594,user_594@unknown.com,no_provider,Company_8,Intern,150,0.8
User_59,user_59@gmail.com,gmail,Company_75,Engineer,750,0.07
User_942,user_942@unknown.com,no_provider,Company_21,CEO,750,0.99
User_83,user_83@outlook.com,outlook,Company_9,Founder,25,0.77
User_692,user_692@outlook.com,outlook,Company_52,CEO,750,0.2
User_253,user_253@unknown.com,no_provider,Company_77,CEO,750,0.01
User_84,user_84@zoho.com,zoho,Company_85,Founder,750,0.82
User_536,user_536@yahoo.com,yahoo,Company_34,CTO,1200,0.71
User_734,user_734@yahoo.com,yahoo,Company_31,Manager,300,0.73
User_135,user_135@yahoo.com,yahoo,Company_59,Manager,25,0.77
User_10,user_10@zoho.com,zoho,Company_80,Founder,25,0.07
User_76,user_76@unknown.com,no_provider,Company_28,Founder,150,0.36
User_136,user_136@yahoo.com,yahoo,Company_9,CTO,150,0.12
User_292,user_292@outlook.com,outlook,Company_57,Founder,1200,0.86
User_310,user_310@unknown.com,no_provider,Company_84,Founder,25,0.62
User_684,user_684@unknown.com,no_provider,Company_39,Intern,25,0.33
User_962,user_962@outlook.com,outlook,Company_34,CEO,25,0.06
User_761,user_761@unknown.com,no_provider,Company_20,Manager,150,0.31
User_620,user_620@outlook.com,outlook,Company_92,Manager,75,0.33
User_704,user_704@yahoo.com,yahoo,Company_65,Engineer,150,0.73
User_928,user_928@gmail.com,gmail,Company_12,Intern,300,0.64
User_850,user_850@yahoo.com,yahoo,Company_6,CEO,150,0.89
User_790,user_790@outlook.com,outlook,Company_82,Manager,75,0.47
User_760,user_760@zoho.com,zoho,Company_71,Intern,300,0.12
User_575,user_575@gmail.com,gmail,Company_15,CEO,1200,0.71
User_926,user_926@outlook.com,outlook,Company_70,CEO,150,0.76
User_597,user_597@unknown.com,no_provider,Company_19,Engineer,75,0.56
User_43,user_43@yahoo.com,yahoo,Company_47,CEO,150,0.77
User_216,user_216@outlook.com,outlook,Company_86,CEO,150,0.49
User_799,user_799@unknown.com,no_provider,Company_53,Founder,1200,0.52
User_159,user_159@outlook.com,outlook,Company_21,CTO,300,0.43
User_26,user_26@outlook.com,outlook,Company_95,Manager,300,0.03
User_822,user_822@outlook.com,outlook,Company_35,CTO,1200,0.11
User_111,user_111@zoho.com,zoho,Company_5,Engineer,75,0.03
User_205,user_205@zoho.com,zoho,Company_45,Manager,75,0.64
User_229,user_229@gmail.com,gmail,Company_85,CTO,300,0.31
User_337,user_337@yahoo.com,yahoo,Company_9,Manager,150,0.51
User_657,user_657@unknown.com,no_provider,Company_52,Intern,750,0.91
User_340,user_340@gmail.com,gmail,Company_15,Manager,75,0.25
User_595,user_595@yahoo.com,yahoo,Company_5,CEO,750,0.41
User_445,user_445@yahoo.com,yahoo,Company_94,Manager,300,0.76
User_621,user_621@unknown.com,no_provider,Company_15,Engineer,750,0.23
User_195,user_195@yahoo.com,yahoo,Company_6,Intern,300,0.08
User_2,user_2@unknown.com,no_provider,Company_69,Intern,1200,0.29
User_963,user_963@outlook.com,outlook,Company_47,Engineer,25,0.16
User_972,user_972@yahoo.com,yahoo,Company_80,Manager,1200,0.93
User_869,user_869@gmail.com,gmail,Company_93,Manager,750,0.81
User_317,user_317@zoho.com,zoho,Company_42,Engineer,1200,0.63
User_303,user_303@unknown.com,no_provider,Company_17,CTO,300,0.87
User_681,user_681@zoho.com,zoho,Company_87,Intern,75,0.8
User_631,user_631@unknown.com,no_provider,Company_39,Engineer,750,0.19
User_854,user_854@gmail.com,gmail,Company_39,Manager,75,0.89
User_441,user_441@unknown.com,no_provider,Company_78,Intern,150,0.54
User_477,user_477@zoho.com,zoho,Company_57,Intern,75,0.81
User_524,user_524@zoho.com,zoho,Company_95,CTO,1200,0.9
User_87,user_87@yahoo.com,yahoo,Company_66,Intern,1200,0.32
User_635,user_635@yahoo.com,yahoo,Company_12,CTO,1200,0.11
User_318,user_318@outlook.com,outlook,Company_26,CTO,25,0.23
User_48,user_48@outlook.com,outlook,Company_61,Founder,25,0.43
User_467,user_467@zoho.com,zoho,Company_81,Founder,75,0.82
User_736,user_736@zoho.com,zoho,Company_64,Engineer,75,0.86
User_152,user_152@gmail.com,gmail,Company_97,CEO,300,0.01
User_225,user_225@outlook.com,outlook,Company_90,Founder,300,0.51
User_52,user_52@unknown.com,no_provider,Company_32,CEO,300,0.42
User_137,user_137@zoho.com,zoho,Company_86,Founder,750,0.22
User_610,user_610@yahoo.com,yahoo,Company_97,Engineer,750,0.12
User_835,user_835@unknown.com,no_provider,Company_55,Founder,300,0.34
User_919,user_919@outlook.com,outlook,Company_96,Engineer,300,0.94
User_266,user_266@outlook.com,outlook,Company_82,Manager,750,0.32
User_497,user_497@outlook.com,outlook,Company_36,Engineer,25,0.52
User_731,user_731@yahoo.com,yahoo,Company_31,Manager,150,0.7
User_328,user_328@unknown.com,no_provider,Company_11,CTO,75,0.36
User_237,user_237@zoho.com,zoho,Company_89,CTO,1200,0.97
User_220,user_220@gmail.com,gmail,Company_54,Engineer,150,0.96
User_556,user_556@zoho.com,zoho,Company_54,CEO,75,0.25
User_853,user_853@zoho.com,zoho,Company_50,Founder,1200,0.5
User_21,user_21@unknown.com,no_provider,Company_49,Engineer,25,0.3
User_966,user_966@yahoo.com,yahoo,Company_39,Engineer,300,0.28
User_552,user_552@unknown.com,no_provider,Company_78,CTO,300,0.04
User_225,user_225@yahoo.com,yahoo,Company_56,Engineer,25,0.61
User_399,user_399@yahoo.com,yahoo,Company_86,Intern,300,0.5
User_742,user_742@outlook.com,outlook,Company_60,CTO,750,0.05
User_547,user_547@gmail.com,gmail,Company_51,Founder,750,0.28
User_679,user_679@gmail.com,gmail,Company_11,Intern,300,0.91
User_139,user_139@zoho.com,zoho,Company_24,CEO,150,0.24
User_389,user_389@yahoo.com,yahoo,Company_28,Engineer,150,0.14
User_346,user_346@zoho.com,zoho,Company_36,Engineer,150,0.49
User_855,user_855@gmail.com,gmail,Company_61,CEO,1200,0.99
User_553,user_553@gmail.com,gmail,Company_45,CTO,1200,0.24
User_71,user_71@gmail.com,gmail,Company_97,CEO,75,0.67
User_205,user_205@gmail.com,gmail,Company_80,CTO,75,0.76
User_130,user_130@zoho.com,zoho,Company_86,CEO,750,0.24
User_971,user_971@outlook.com,outlook,Company_60,Intern,150,0.73
User_786,user_786@yahoo.com,yahoo,Company_22,Founder,750,0.37
User_987,user_987@gmail.com,gmail,Company_100,CTO,150,0.63
User_111,user_111@unknown.com,no_provider,Company_4,Manager,750,0.63
User_694,user_694@zoho.com,zoho,Company_51,Intern,75,0.54
User_78,user_78@unknown.com,no_provider,Company_89,Intern,75,0.09
User_105,user_105@yahoo.com,yahoo,Company_88,Founder,25,0.84
User_816,user_816@unknown.com,no_provider,Company_6,Manager,750,0.32
User_439,user_439@yahoo.com,yahoo,Company_9,Founder,1200,0.19
User_350,user_350@gmail.com,gmail,Company_54,Engineer,25,0.04
User_444,user_444@yahoo.com,yahoo,Company_82,Engineer,1200,0.59
User_157,user_157@zoho.com,zoho,Company_23,Intern,750,0.68
User_989,user_989@yahoo.com,yahoo,Company_79,Founder,300,0.02
User_477,user_477@zoho.com,zoho,Company_94,Founder,150,0.51
User_331,user_331@outlook.com,outlook,Company_12,Manager,300,0.23
User_250,user_250@zoho.com,zoho,Company_73,Founder,1200,0.65
User_389,user_389@yahoo.com,yahoo,Company_4,Engineer,150,0.17
User_187,user_187@zoho.com,zoho,Company_28,Manager,150,0.69
User_349,user_349@yahoo.com,yahoo,Company_77,Intern,150,0.39
User_570,user_570@gmail.com,gmail,Company_67,CTO,25,0.94
User_248,user_248@zoho.com,zoho,Company_63,Founder,75,0.14
User_708,user_708@zoho.com,zoho,Company_83,Intern,300,0.34
User_459,user_459@gmail.com,gmail,Company_12,Manager,75,0.11
User_415,user_415@outlook.com,outlook,Company_40,Intern,750,0.92
User_378,user_378@zoho.com,zoho,Company_71,Founder,150,0.88
User_436,user_436@unknown.com,no_provider,Company_43,Manager,1200,0.26
User_465,user_465@yahoo.com,yahoo,Company_40,Manager,75,0.66
User_124,user_124@outlook.com,outlook,Company_41,CEO,1200,0.82
User_549,user_549@outlook.com,outlook,Company_25,CTO,1200,0.56
User_496,user_496@yahoo.com,yahoo,Company_93,Founder,750,0.53
User_612,user_612@yahoo.com,yahoo,Company_13,CTO,150,0.24
User_233,user_233@yahoo.com,yahoo,Company_23,Manager,25,0.09
User_726,user_726@unknown.com,no_provider,Company_17,Manager,25,0.9
User_998,user_998@gmail.com,gmail,Company_71,Manager,1200,0.9
User_967,user_967@outlook.com,outlook,Company_82,Engineer,25,0.63
User_894,user_894@gmail.com,gmail,Company_74,Manager,300,0.34
User_491,user_491@zoho.com,zoho,Company_44,CTO,25,0.35
User_259,user_259@zoho.com,zoho,Company_15,CEO,300,0.73
User_504,user_504@gmail.com,gmail,Company_74,Intern,1200,0.9
User_55,user_55@outlook.com,outlook,Company_20,Founder,150,0.89
User_88,user_88@outlook.com,outlook,Company_16,Founder,300,0.78
User_621,user_621@unknown.com,no_provider,Company_80,CTO,750,0.64
User_390,user_390@zoho.com,zoho,Company_57,Manager,750,0.08
User_440,user_440@yahoo.com,yahoo,Company_73,Founder,25,0.16
User_625,user_625@gmail.com,gmail,Company_98,CTO,1200,0.9
User_217,user_217@yahoo.com,yahoo,Company_85,CEO,75,0.61
User_246,user_246@outlook.com,outlook,Company_71,CEO,75,0.01
User_3,user_3@zoho.com,zoho,Company_58,Intern,750,0.1
User_482,user_482@yahoo.com,yahoo,Company_5,CTO,150,0.66
User_724,user_724@yahoo.com,yahoo,Company_90,Engineer,25,0.01
User_704,user_704@outlook.com,outlook,Company_34,Intern,750,0.16
User_678,user_678@outlook.com,outlook,Company_55,CEO,750,0.55
User_231,user_231@outlook.com,outlook,Company_35,CTO,25,0.69
User_62,user_62@outlook.com,outlook,Company_40,Founder,1200,0.65
User_845,user_845@unknown.com,no_provider,Company_37,Engineer,25,0.22
User_480,user_480@yahoo.com,yahoo,Company_90,Engineer,150,0.71
User_513,user_513@unknown.com,no_provider,Company_64,Engineer,25,0.24
User_613,user_613@gmail.com,gmail,Company_56,Intern,150,0.33
User_619,user_619@yahoo.com,yahoo,Company_4,CEO,75,0.75
User_985,user_985@unknown.com,no_provider,Company_76,CEO,1200,0.65
User_842,user_842@yahoo.com,yahoo,Company_74,CEO,75,0.85
User_482,user_482@unknown.com,no_provider,Company_84,Engineer,150,0.66
User_186,user_186@unknown.com,no_provider,Company_56,Intern,300,0.57
User_993,user_993@gmail.com,gmail,Company_61,Manager,300,0.09
User_342,user_342@yahoo.com,yahoo,Company_86,CEO,75,0.37
User_338,user_338@zoho.com,zoho,Company_89,Engineer,150,0.27
User_679,user_679@zoho.com,zoho,Company_98,Founder,25,0.24
User_466,user_466@gmail.com,gmail,Company_41,Manager,150,0.97
User_119,user_119@zoho.com,zoho,Company_66,CEO,1200,0.39
User_891,user_891@unknown.com,no_provider,Company_60,Engineer,25,0.89
User_193,user_193@unknown.com,no_provider,Company_47,Founder,300,0.63
User_641,user_641@zoho.com,zoho,Company_98,CEO,75,0.79
User_274,user_274@unknown.com,no_provider,Company_17,Manager,300,0.5
User_902,user_902@zoho.com,zoho,Company_16,CEO,1200,0.58
User_624,user_624@outlook.com,outlook,Company_91,CTO,150,0.49
User_565,user_565@gmail.com,gmail,Company_71,Engineer,25,0.2
User_231,user_231@gmail.com,gmail,Company_60,CEO,1200,0.72
User_853,user_853@outlook.com,outlook,Company_64,Intern,150,0.28
User_522,user_522@yahoo.com,yahoo,Company_54,Engineer,300,0.02
User_250,user_250@zoho.com,zoho,Company_71,CTO,300,0.65
User_196,user_196@unknown.com,no_provider,Company_66,Intern,75,0.18
User_885,user_885@gmail.com,gmail,Company_36,Engineer,150,0.94
User_957,user_957@unknown.com,no_provider,Company_35,CEO,150,0.95
User_744,user_744@yahoo.com,yahoo,Company_76,Founder,1200,0.91
User_502,user_502@outlook.com,outlook,Company_58,Founder,300,0.37
User_354,user_354@yahoo.com,yahoo,Company_71,Founder,300,0.02
User_467,user_467@yahoo.com,yahoo,Company_25,Intern,75,0.93
User_586,user_586@zoho.com,zoho,Company_30,Engineer,25,0.43
User_326,user_326@zoho.com,zoho,Company_91,Engineer,300,0.97
User_680,user_680@outlook.com,outlook,Company_64,CEO,75,0.96
User_515,user_515@unknown.com,no_provider,Company_43,CEO,300,0.85
User_103,user_103@unknown.com,no_provider,Company_59,CEO,1200,0.29
User_148,user_148@zoho.com,zoho,Company_84,CTO,25,0.39
User_481,user_481@yahoo.com,yahoo,Company_44,Founder,1200,0.85
User_408,user_408@gmail.com,gmail,Company_43,Intern,750,0.32
User_390,user_390@yahoo.com,yahoo,Company_81,Intern,300,0.17
User_894,user_894@unknown.com,no_provider,Company_5,Founder,25,0.56
User_241,user_241@yahoo.com,yahoo,Company_30,Intern,25,0.94
User_445,user_445@gmail.com,gmail,Company_98,Intern,1200,0.7
User_894,user_894@gmail.com,gmail,Company_57,CTO,1200,0.57
User_307,user_307@gmail.com,gmail,Company_6,Manager,25,0.1
User_301,user_301@yahoo.com,yahoo,Company_48,Engineer,75,0.62
User_251,user_251@unknown.com,no_provider,Company_53,Founder,1200,0.99
User_812,user_812@outlook.com,outlook,Company_22,CTO,25,0.14
User_625,user_625@zoho.com,zoho,Company_80,Intern,75,0.52
User_510,user_510@unknown.com,no_provider,Company_19,CTO,300,0.88
User_654,user_654@yahoo.com,yahoo,Company_59,Manager,1200,0.74
User_10,user_10@zoho.com,zoho,Company_37,Intern,750,0.7
User_162,user_162@gmail.com,gmail,Company_57,Manager,750,0.7
User_307,user_307@zoho.com,zoho,Company_89,Manager,300,0.36
User_866,user_866@yahoo.com,yahoo,Company_26,Engineer,300,0.29
User_110,user_110@outlook.com,outlook,Company_49,Founder,150,0.81
User_589,user_589@yahoo.com,yahoo,Company_90,Manager,25,0.81
User_850,user_850@zoho.com,zoho,Company_36,CEO,750,0.87
User_886,user_886@gmail.com,gmail,Company_78,Intern,300,0.91
User_853,user_853@yahoo.com,yahoo,Company_100,CTO,750,0.51
User_822,user_822@yahoo.com,yahoo,Company_29,Intern,75,0.5
User_636,user_636@yahoo.com,yahoo,Company_87,Intern,1200,0.8
User_698,user_698@outlook.com,outlook,Company_81,CEO,1200,0.65
User_662,user_662@gmail.com,gmail,Company_40,Engineer,25,0.7
User_594,user_594@yahoo.com,yahoo,Company_94,CTO,25,0.8
User_932,user_932@yahoo.com,yahoo,Company_42,Intern,300,0.89
User_180,user_180@outlook.com,outlook,Company_17,Founder,150,0.34
User_544,user_544@unknown.com,no_provider,Company_35,CTO,150,0.38
User_936,user_936@zoho.com,zoho,Company_38,Intern,150,0.09
User_824,user_824@gmail.com,gmail,Company_60,CEO,75,0.58
User_773,user_773@outlook.com,outlook,Company_87,Intern,1200,0.04
User_407,user_407@unknown.com,no_provider,Company_47,CEO,300,0.47
User_15,user_15@yahoo.com,yahoo,Company_69,CEO,300,0.54
User_378,user_378@yahoo.com,yahoo,Company_75,Engineer,1200,0.29
User_963,user_963@yahoo.com,yahoo,Company_14,Intern,75,0.59
User_483,user_483@gmail.com,gmail,Company_80,Founder,150,0.03
User_938,user_938@unknown.com,no_provider,Company_29,Intern,25,0.04
User_651,user_651@zoho.com,zoho,Company_90,Manager,1200,0.82
User_419,user_419@gmail.com,gmail,Company_18,CEO,25,0.36
User_312,user_312@zoho.com,zoho,Company_15,CEO,75,0.13
User_909,user_909@unknown.com,no_provider,Company_18,Engineer,300,0.52
User_380,user_380@unknown.com,no_provider,Company_54,Founder,1200,0.77
User_745,user_745@outlook.com,outlook,Company_54,Intern,25,0.22
User_854,user_854@zoho.com,zoho,Company_79,Engineer,150,0.62
User_34,user_34@yahoo.com,yahoo,Company_28,Engineer,300,0.09
User_974,user_974@outlook.com,outlook,Company_47,CEO,1200,0.05
User_377,user_377@unknown.com,no_provider,Company_83,Manager,25,0.53
User_408,user_408@yahoo.com,yahoo,Company_25,CEO,300,0.54
User_94,user_94@outlook.com,outlook,Company_83,Intern,750,0.64
User_995,user_995@gmail.com,gmail,Company_7,Manager,75,0.73
User_129,user_129@unknown.com,no_provider,Company_27,CEO,750,0.98
User_213,user_213@unknown.com,no_provider,Company_28,CTO,150,0.52
User_793,user_793@outlook.com,outlook,Company_77,CEO,150,0.32
User_880,user_880@outlook.com,outlook,Company_17,Founder,150,0.8
User_818,user_818@outlook.com,outlook,Company_15,Intern,25,0.27
User_135,user_135@gmail.com,gmail,Company_46,CTO,750,0.44
User_332,user_332@gmail.com,gmail,Company_23,Manager,25,0.08
User_130,user_130@zoho.com,zoho,Company_68,CEO,1200,0.03
User_66,user_66@zoho.com,zoho,Company_58,Manager,750,0.96
User_608,user_608@gmail.com,gmail,Company_58,Founder,75,0.84
User_969,user_969@unknown.com,no_provider,Company_6,Intern,1200,0.7
User_534,user_534@yahoo.com,yahoo,Company_59,Intern,25,0.41
User_63,user_63@zoho.com,zoho,Company_52,Engineer,1200,0.17
User_111,user_111@zoho.com,zoho,Company_92,Engineer,25,0.16
User_921,user_921@gmail.com,gmail,Company_42,Founder,75,0.25
User_68,user_68@outlook.com,outlook,Company_36,Founder,1200,0.55
User_600,user_600@unknown.com,no_provider,Company_92,Manager,300,0.71
User_612,user_612@unknown.com,no_provider,Company_38,Engineer,750,0.66
User_620,user_620@zoho.com,zoho,Company_13,Intern,25,0.28
User_874,user_874@unknown.com,no_provider,Company_93,CTO,300,0.95
User_463,user_463@outlook.com,outlook,Company_53,Manager,300,0.74
User_409,user_409@zoho.com,zoho,Company_94,CEO,150,0.55
User_438,user_438@yahoo.com,yahoo,Company_86,Manager,150,0.61
User_977,user_977@outlook.com,outlook,Company_88,Engineer,25,0.42
User_94,user_94@gmail.com,gmail,Company_12,Engineer,25,0.25
User_763,user_763@yahoo.com,yahoo,Company_17,Founder,25,0.36
User_601,user_601@unknown.com,no_provider,Company_72,Manager,1200,0.76
User_126,user_126@zoho.com,zoho,Company_46,Intern,300,0.01
User_889,user_889@gmail.com,gmail,Company_37,Founder,150,0.12
User_361,user_361@gmail.com,gmail,Company_74,Founder,75,0.05
User_159,user_159@zoho.com,zoho,Company_29,CEO,150,0.04
User_866,user_866@unknown.com,no_provider,Company_48,CEO,150,0.86
User_588,user_588@outlook.com,outlook,Company_55,Founder,750,0.7
User_629,user_629@unknown.com,no_provider,Company_4,Founder,1200,0.47
User_850,user_850@yahoo.com,yahoo,Company_4,CTO,150,0.1
User_720,user_720@yahoo.com,yahoo,Company_44,Manager,25,0.49
User_186,user_186@outlook.com,outlook,Company_73,Intern,300,0.47
User_72,user_72@outlook.com,outlook,Company_95,Intern,25,0.17
User_94,user_94@unknown.com,no_provider,Company_28,Engineer,300,0.43
User_465,user_465@yahoo.com,yahoo,Company_21,Manager,150,0.4
User_739,user_739@yahoo.com,yahoo,Company_100,Founder,750,0.62
User_87,user_87@gmail.com,gmail,Company_20,CTO,750,0.64
User_51,user_51@gmail.com,gmail,Company_35,Engineer,1200,0.05
User_435,user_435@zoho.com,zoho,Company_78,Engineer,300,0.37
User_280,user_280@outlook.com,outlook,Company_97,Founder,25,0.63
User_354,user_354@zoho.com,zoho,Company_15,Manager,1200,0.5
User_695,user_695@unknown.com,no_provider,Company_63,Founder,1200,0.86
User_316,user_316@gmail.com,gmail,Company_29,Engineer,750,0.66
User_57,user_57@gmail.com,gmail,Company_27,Manager,75,0.16
User_786,user_786@outlook.com,outlook,Company_98,Manager,150,0.07
User_336,user_336@gmail.com,gmail,Company_1,Engineer,1200,0.64
User_441,user_441@outlook.com,outlook,Company_17,Engineer,750,0.03
User_721,user_721@outlook.com,outlook,Company_65,Founder,1200,0.59
User_826,user_826@yahoo.com,yahoo,Company_10,Engineer,1200,0.94
User_44,user_44@zoho.com,zoho,Company_3,Engineer,25,0.58
User_883,user_883@yahoo.com,yahoo,Company_74,Engineer,750,0.39
User_415,user_415@zoho.com,zoho,Company_38,CEO,300,0.64
User_22,user_22@yahoo.com,yahoo,Company_22,Founder,300,0.46
User_852,user_852@yahoo.com,yahoo,Company_12,Engineer,25,0.55
User_250,user_250@zoho.com,zoho,Company_76,Engineer,750,0.94
User_81,user_81@zoho.com,zoho,Company_40,Intern,150,0.39
User_227,user_227@yahoo.com,yahoo,Company_100,CTO,25,0.96
User_523,user_523@gmail.com,gmail,Company_68,Founder,75,0.91
User_928,user_928@yahoo.com,yahoo,Company_45,Intern,1200,0.2
User_835,user_835@outlook.com,outlook,Company_31,CEO,75,0.07
User_263,user_263@outlook.com,outlook,Company_23,Founder,75,0.1
User_779,user_779@gmail.com,gmail,Company_23,Intern,300,0.02
User_476,user_476@unknown.com,no_provider,Company_98,Founder,300,0.09
User_698,user_698@unknown.com,no_provider,Company_83,Intern,750,0.68
User_331,user_331@yahoo.com,yahoo,Company_20,Engineer,25,0.07
User_481,user_481@zoho.com,zoho,Company_81,Manager,150,0.32
User_606,user_606@gmail.com,gmail,Company_46,Founder,25,0.84
User_318,user_318@zoho.com,zoho,Company_58,CEO,25,0.02
User_378,user_378@yahoo.com,yahoo,Company_10,Intern,25,0.81
User_630,user_630@unknown.com,no_provider,Company_65,Engineer,300,0.28
User_595,user_595@unknown.com,no_provider,Company_95,CEO,300,0.12
User_931,user_931@unknown.com,no_provider,Company_84,CTO,150,0.7
User_620,user_620@zoho.com,zoho,Company_65,CTO,25,0.63
User_462,user_462@gmail.com,gmail,Company_44,Intern,25,0.88
User_517,user_517@outlook.com,outlook,Company_6,CTO,1200,0.74
User_449,user_449@zoho.com,zoho,Company_68,Founder,750,0.8
User_163,user_163@yahoo.com,yahoo,Company_48,Manager,300,0.28
User_419,user_419@yahoo.com,yahoo,Company_87,Founder,25,0.18
User_809,user_809@yahoo.com,yahoo,Company_9,Manager,25,0.75
User_572,user_572@zoho.com,zoho,Company_37,Manager,1200,0.81
User_873,user_873@unknown.com,no_provider,Company_20,Manager,25,0.99
User_597,user_597@outlook.com,outlook,Company_45,Manager,1200,0.41
User_716,user_716@zoho.com,zoho,Company_17,Founder,1200,0.37
User_961,user_961@gmail.com,gmail,Company_40,Founder,300,0.78
User_659,user_659@yahoo.com,yahoo,Company_17,Intern,1200,0.34
User_849,user_849@unknown.com,no_provider,Company_12,Intern,1200,0.93
User_434,user_434@unknown.com,no_provider,Company_47,CEO,150,0.86
User_317,user_317@outlook.com,outlook,Company_28,Manager,300,0.43
User_197,user_197@outlook.com,outlook,Company_18,CTO,25,0.75
User_303,user_303@gmail.com,gmail,Company_65,Founder,1200,0.75
User_905,user_905@unknown.com,no_provider,Company_5,Intern,150,0.1
User_898,user_898@unknown.com,no_provider,Company_17,Founder,300,0.9
User_158,user_158@outlook.com,outlook,Company_24,Intern,750,0.51
User_829,user_829@outlook.com,outlook,Company_93,Engineer,25,0.83
User_421,user_421@yahoo.com,yahoo,Company_87,Intern,75,0.32
User_993,user_993@zoho.com,zoho,Company_79,Manager,1200,0.9
User_803,user_803@zoho.com,zoho,Company_30,Founder,75,0.39
User_317,user_317@zoho.com,zoho,Company_25,Manager,1200,0.01
User_970,user_970@unknown.com,no_provider,Company_57,Engineer,150,0.91
User_797,user_797@zoho.com,zoho,Company_65,Founder,300,0.09
User_990,user_990@outlook.com,outlook,Company_26,Founder,75,0.32
User_894,user_894@yahoo.com,yahoo,Company_7,Intern,300,0.95
User_896,user_896@yahoo.com,yahoo,Company_71,CEO,1200,0.95
User_867,user_867@unknown.com,no_provider,Company_16,Manager,25,0.57
User_782,user_782@outlook.com,outlook,Company_35,Engineer,750,0.63
User_151,user_151@zoho.com,zoho,Company_12,CTO,300,0.45
User_906,user_906@yahoo.com,yahoo,Company_4,Engineer,25,0.29
User_406,user_406@unknown.com,no_provider,Company_48,CTO,300,0.33
User_84,user_84@yahoo.com,yahoo,Company_29,CEO,150,0.67
User_954,user_954@gmail.com,gmail,Company_92,Intern,150,0.75
User_811,user_811@outlook.com,outlook,Company_18,CEO,150,0.79
User_940,user_940@zoho.com,zoho,Company_90,CTO,1200,0.79
User_481,user_481@zoho.com,zoho,Company_79,CEO,25,0.09
User_20,user_20@yahoo.com,yahoo,Company_28,CTO,750,0.49
User_963,user_963@unknown.com,no_provider,Company_68,Engineer,25,0.06
User_795,user_795@yahoo.com,yahoo,Company_31,Manager,25,0.55
User_49,user_49@outlook.com,outlook,Company_54,Intern,750,0.44
User_469,user_469@gmail.com,gmail,Company_15,Engineer,750,0.89
User_549,user_549@gmail.com,gmail,Company_81,Founder,750,0.35
User_248,user_248@outlook.com,outlook,Company_38,Engineer,25,0.12
User_630,user_630@yahoo.com,yahoo,Company_31,Founder,300,0.14
User_192,user_192@gmail.com,gmail,Company_68,Manager,25,0.76
User_977,user_977@unknown.com,no_provider,Company_70,Founder,750,0.62
User_568,user_568@gmail.com,gmail,Company_50,Engineer,25,0.1
User_651,user_651@zoho.com,zoho,Company_48,Manager,1200,0.08
User_17,user_17@yahoo.com,yahoo,Company_9,Manager,75,0.7
User_751,user_751@gmail.com,gmail,Company_99,Founder,1200,0.07
User_775,user_775@yahoo.com,yahoo,Company_18,CEO,150,0.82
User_560,user_560@yahoo.com,yahoo,Company_83,CTO,1200,0.71
User_476,user_476@zoho.com,zoho,Company_81,CTO,75,0.08
User_65,user_65@zoho.com,zoho,Company_5,Manager,75,0.08
User_45,user_45@outlook.com,outlook,Company_6,Manager,150,0.99
User_528,user_528@zoho.com,zoho,Company_70,Engineer,150,0.37
User_38,user_38@outlook.com,outlook,Company_37,Manager,25,0.37
User_887,user_887@yahoo.com,yahoo,Company_35,CEO,150,0.81
User_448,user_448@zoho.com,zoho,Company_96,Engineer,300,0.95
User_348,user_348@outlook.com,outlook,Company_64,Intern,300,0.99
User_377,user_377@unknown.com,no_provider,Company_35,CEO,1200,0.75
User_435,user_435@gmail.com,gmail,Company_56,Founder,75,0.38
User_559,user_559@yahoo.com,yahoo,Company_42,CEO,25,0.08
User_336,user_336@yahoo.com,yahoo,Company_40,Engineer,750,0.78
User_735,user_735@zoho.com,zoho,Company_22,Intern,300,0.56
User_360,user_360@zoho.com,zoho,Company_6,Intern,150,0.42
User_630,user_630@zoho.com,zoho,Company_36,Intern,25,0.91
User_77,user_77@zoho.com,zoho,Company_47,Founder,1200,0.11
User_696,user_696@outlook.com,outlook,Company_4,CTO,750,0.49
User_695,user_695@zoho.com,zoho,Company_5,CTO,25,0.01
User_242,user_242@yahoo.com,yahoo,Company_47,Engineer,750,0.47
User_34,user_34@unknown.com,no_provider,Company_20,Intern,300,0.06
User_972,user_972@yahoo.com,yahoo,Company_48,Engineer,25,0.12
User_588,user_588@outlook.com,outlook,Company_68,Manager,300,0.12
User_322,user_322@yahoo.com,yahoo,Company_32,CEO,25,0.65
User_754,user_754@outlook.com,outlook,Company_64,Founder,300,0.75
User_936,user_936@unknown.com,no_provider,Company_16,Manager,150,0.58
User_721,user_721@zoho.com,zoho,Company_28,Founder,150,0.96
User_711,user_711@zoho.com,zoho,Company_26,CEO,75,0.37
User_874,user_874@gmail.com,gmail,Company_58,CTO,1200,0.29
User_456,user_456@gmail.com,gmail,Company_88,Manager,1200,0.87
User_356,user_356@gmail.com,gmail,Company_71,Founder,150,0.22
User_913,user_913@yahoo.com,yahoo,Company_21,Intern,1200,0.96
User_950,user_950@outlook.com,outlook,Company_47,Founder,75,0.01
User_125,user_125@outlook.com,outlook,Company_18,CTO,300,0.97
User_27,user_27@yahoo.com,yahoo,Company_71,Founder,150,0.04
User_479,user_479@unknown.com,no_provider,Company_17,Founder,25,0.89
User_68,user_68@yahoo.com,yahoo,Company_51,Intern,1200,0.53
User_491,user_491@unknown.com,no_provider,Company_53,Engineer,750,0.99
User_76,user_76@outlook.com,outlook,Company_41,Intern,25,0.07
User_461,user_461@zoho.com,zoho,Company_88,Founder,150,0.55
User_132,user_132@unknown.com,no_provider,Company_82,Founder,75,0.97
User_787,user_787@outlook.com,outlook,Company_56,Founder,25,0.52
User_852,user_852@gmail.com,gmail,Company_67,CTO,150,0.63
User_169,user_169@outlook.com,outlook,Company_42,Intern,75,0.7
User_355,user_355@unknown.com,no_provider,Company_37,CEO,150,0.45
User_202,user_202@unknown.com,no_provider,Company_36,CTO,1200,0.63
User_311,user_311@unknown.com,no_provider,Company_69,CEO,750,0.58
User_657,user_657@outlook.com,outlook,Company_76,Founder,75,0.9
User_176,user_176@unknown.com,no_provider,Company_93,Founder,150,0.05
User_863,user_863@unknown.com,no_provider,Company_6,CEO,25,0.28
User_47,user_47@unknown.com,no_provider,Company_34,Intern,75,0.95
User_786,user_786@unknown.com,no_provider,Company_54,Founder,1200,0.89
User_32,user_32@zoho.com,zoho,Company_81,Founder,150,0.46
User_658,user_658@yahoo.com,yahoo,Company_62,CTO,1200,0.62
User_416,user_416@yahoo.com,yahoo,Company_59,CEO,1200,0.28
User_62,user_62@outlook.com,outlook,Company_57,Engineer,300,0.19
User_476,user_476@outlook.com,outlook,Company_44,Founder,75,0.46
User_321,user_321@yahoo.com,yahoo,Company_94,Manager,300,0.35
User_134,user_134@yahoo.com,yahoo,Company_66,Founder,25,0.58
User_327,user_327@outlook.com,outlook,Company_60,CEO,150,0.08
User_461,user_461@outlook.com,outlook,Company_19,CEO,25,0.97
User_298,user_298@zoho.com,zoho,Company_79,Engineer,75,0.99
